ID,NUS3Bank Name,Volume
0x0005,bgm_crs01_menu,4
0x0006,bgm_crs02_senjyou,4.6
0x0007,bgm_crs03_shuuten,5.3
0x0008,bgm_crs04_kumite,3.6
0x0009,bgm_crs05_masterhand,4.3
0x000a,bgm_crs06_mastercore,4.7
0x000b,bgm_crs07_online,4.3
0x000d,bgm_crs11_simple_result,2.6
0x000e,bgm_crs12_simple_result_final,6.2
0x000f,bgm_crs13_simple_result_failure,3.7
0x0011,bgm_crs15_rest,1.5
0x0014,bgm_crs18_figuremeikan,3.8
0x0015,bgm_crs19_figureshop,2.8
0x0016,bgm_crs20_figurerush,3
0x0017,bgm_crs21_album,2.7
0x0018,bgm_crs23_asobikata,3.8
0x0019,bgm_crs24_vs_result,1
0x001a,bgm_crs25_staffroll,5
0x001c,bgm_crs26_shuuten_ver2,4
0x001d,bgm_crs27_masterfortress01,3.6
0x001e,bgm_crs28_masterfortress02,4.8
0x0021,bgm_crs31_world_map,0.1
0x0025,bgm_crs36_tournament_table,3.4
0x0028,bgm_crs39_order_masterside,2.9
0x002d,bgm_seq_item_hammer,9.6
0x002e,bgm_seq_item_goldenhammer,12
0x002f,bgm_seq_item_superstar,10.7
0x0030,bgm_a01_smb_chijyou,2.1
0x0031,bgm_a03_smb_suichu,3.9
0x0032,bgm_a04_lnd_chika,3.7
0x0033,bgm_a05_smb3_hikousen,3.9
0x0034,bgm_a06_wld_castle_toride,3.6
0x0035,bgm_a07_wld_title_ending,2.1
0x0036,bgm_a08_new_maintheme,1.9
0x0037,bgm_a09_lm_theme,1.7
0x0038,bgm_a13_sms_dolpiktown,2.6
0x0039,bgm_a14_sms_riccoharbor,2.8
0x003a,bgm_a15_sm64_maintheme,0.4
0x003b,bgm_a17_mb_mariobrothers,2.7
0x003c,bgm_a20_smk_mariocircuit,3.5
0x003d,bgm_a21_mk64_luigicircuit,2.6
0x003e,bgm_a22_mkds_waluigipinball,3.5
0x003f,bgm_a23_mkdd_rainbowroad,3.6
0x0040,bgm_a24_smb_chijyou_chika,3
0x0041,bgm_a25_smb3_medley,2.7
0x0042,bgm_a26_new2_athletic_chijyou,3.7
0x0043,bgm_a27_3dl_smb_theme,2.6
0x0044,bgm_a28_malrpg4_tryandtry,3.7
0x0045,bgm_a29_ppm_medley,3.5
0x0046,bgm_a30_mkt_rainbowroad_medley,2.6
0x0047,bgm_a31_mkt7_rainbowroad,3.7
0x0048,bgm_a32_smb_medley,2.6
0x0049,bgm_a33_smb2_medley,3.7
0x004a,bgm_a34_new2_touboss,2.4
0x004b,bgm_a35_wld_medley,2.7
0x004c,bgm_a36_mkt7_circuit,3.5
0x004d,bgm_a37_mkt8_skygarden,3.7
0x004e,bgm_a38_glx_eggplanet,3.7
0x004f,bgm_a39_glx_tenmondainorosetta,2.7
0x0050,bgm_a40_drm_chill_ver2,2.5
0x0051,bgm_a41_mpt_medley,3.8
0x0052,bgm_a42_lm_medley,2
0x0053,bgm_a44_new2_chijyou,1
0x0054,bgm_a45_newu_chijyou,1.2
0x0055,bgm_a47_pty9_minigame,2.8
0x0056,bgm_a48_malrpg3_choitotsuyoiyatsura,2.3
0x0057,bgm_a49_malrpg3_inthefinal,3.8
0x0058,bgm_a50_mktw_kinokocanyon,2.7
0x0059,bgm_a51_mkt8_mariokartstadium,3.7
0x005a,bgm_a52_mkt8_mariocircuit,3.1
0x005b,bgm_a53_mkt8_rainbowroad,3.2
0x005c,bgm_a54_glx_eggplanet,3.7
0x005d,bgm_a55_glx_windgarden,3.7
0x005e,bgm_a56_glx_supermariogalaxy,3.7
0x005f,bgm_a57_glx2_sorajima,3.7
0x0060,bgm_a58_glx2_shingingateikoku,3.5
0x0061,bgm_a59_glx2_shukumeinokessen,3.7
0x0062,bgm_a60_glx2_themeofsmg2,3.7
0x0063,bgm_a62_lm2_urameshiyashiki,-0.2
0x0064,bgm_a63_3dw_field01,2.2
0x0065,bgm_a64_3dw_finkoopa02,2.6
0x0066,bgm_a65_3dw_milkyway,3.7
0x0067,bgm_b01_spr_junglelevel_ver2,2.8
0x0068,bgm_b03_dk_opening,3
0x0069,bgm_b04_dk_donkeykong,3.8
0x006a,bgm_b05_spr_kingkrool_shipdeck2,1.7
0x006b,bgm_b06_spr2_togetogetarumeiro,4.1
0x006c,bgm_b07_jbt_arashigaokanotatakai,2.7
0x006e,bgm_b09_dk_25mbgm,4.8
0x006f,bgm_b11_rtn_thrillgearflight,3.5
0x0070,bgm_b12_spr_junglelevel,3.6
0x0071,bgm_b13_rtn_donkeykongreturnes_cv,4.9
0x0072,bgm_b14_rtn_donkeykongreturnes,2.7
0x0073,bgm_b15_rtn_bananajungle,3.8
0x0074,bgm_b16_rtn_mogryanokoujigenba,1.7
0x0075,bgm_b17_tfr_mangroves,2.7
0x0076,bgm_b18_tfr_theme03,4
0x0077,bgm_b19_spr_junglelevel_ethnic,3.7
0x0078,bgm_c01_zld_title,3.7
0x0079,bgm_c02_zld_maintheme,2.7
0x007a,bgm_c03_lnk_daishinden_shinden,2.8
0x007b,bgm_c04_tri_yaminosekai,4.3
0x007c,bgm_c05_tri_uranoyamatomori,2.7
0x007d,bgm_c07_yms_tarutarukougen,2.8
0x007e,bgm_c08_tno_hyrulemaintheme,2.7
0x007f,bgm_c09_tno_medley,3.9
0x0080,bgm_c10_tno_arashinouta,3.8
0x0081,bgm_c12_4sw_aonomikonomura,2.6
0x0082,bgm_c15_kzt_ryuunoshima,2.6
0x0083,bgm_c17_tpr_maintheme,1.6
0x0084,bgm_c18_tpr_wasureraretasato,0.6
0x0086,bgm_c20_zld_maintheme_chika,3.7
0x0087,bgm_c21_tri_uranochijyou_uradungeon,3.2
0x0088,bgm_c22_tno_gerudonotani,2
0x0089,bgm_c23_dnk_trainfield2,2.7
0x008a,bgm_c24_sws_megaminouta_ghirahim,4.2
0x008b,bgm_c25_tno_sarianouta,3.6
0x008c,bgm_c26_kzt_oounabara_menuselect,3.9
0x008d,bgm_c28_tno_gerudonotani,2.2
0x008e,bgm_c29_sws_megaminouta,4.3
0x008f,bgm_c30_tri2_hyrulemaintheme,2.6
0x0090,bgm_c31_tri2_lorulemaintheme,2.7
0x0091,bgm_c32_tri2_yuganotheme,2.7
0x0092,bgm_d01_mr_maintheme,3.7
0x0093,bgm_d02_mr_norfair,1.5
0x0094,bgm_d03_mr_ending,3.9
0x0095,bgm_d04_smr_vsridley,2.7
0x0096,bgm_d05_smr_samusarannotheme,3.9
0x0097,bgm_d06_fsn_sector1,3.7
0x0099,bgm_d09_prm_vsmetaridley,2.7
0x009a,bgm_d10_prm2_multiplay,2.4
0x009b,bgm_d11_mr_title,3.4
0x009c,bgm_d12_mr_dasshutu,2.8
0x009d,bgm_d13_pht_psychobits,2.8
0x009e,bgm_d14_otm_yougangyobattle,4.5
0x009f,bgm_d15_otm_hanyoutojikomebattle,4.6
0x00a0,bgm_d16_otm_ridleybattle,3.7
0x00a1,bgm_e01_str_ending,4
0x00a2,bgm_e02_ild_athletic,2.9
0x00a3,bgm_e05_cty_ohanabatake,2.9
0x00a4,bgm_e06_ilds_kouyanotheme,3.5
0x00a5,bgm_e07_ild_stage1_1,3
0x00a6,bgm_e08_kny_keitonoyoshi,3.4
0x00a7,bgm_e09_nild_maintheme,2.8
0x00a8,bgm_e10_nild_gypsy,2.8
0x00a9,bgm_e11_wol_yoshiwoolworld,2.7
0x00aa,bgm_f01_air_airridemachine,1.5
0x00ab,bgm_f02_kby_dededeounotheme,3.1
0x00ac,bgm_f03_kby_bossthememedley,1.5
0x00ad,bgm_f04_yim_butterbuilding,3.5
0x00ae,bgm_f05_sdx_gekitotsugourmetrace,5.1
0x00af,bgm_f06_sdx_metaknightnogyakushuu,2.4
0x00b0,bgm_f07_sdx_vsmarx,4.3
0x00b1,bgm_f08_kby64_zerotwosen,1.6
0x00b2,bgm_f11_air_colda,2.7
0x00b3,bgm_f12_sdd_dorochedannotheme,2.3
0x00b4,bgm_f13_kby_greengreens_ver2,2.3
0x00b5,bgm_f19_yim_butterbuilding,2.6
0x00b6,bgm_f20_sdx_dedededaiounotheme,3.4
0x00b7,bgm_f21_sdx_doukutsudaisakusen,4.3
0x00b8,bgm_f22_knd_morishizenarea,1.7
0x00b9,bgm_f23_air_vallerion,1.8
0x00ba,bgm_f24_kbyw_boukennohajimari,3.7
0x00bb,bgm_f25_kbyw_moriwonukete,2.3
0x00bc,bgm_f26_tdx_fuyuutairikunohanabatake,2.7
0x00bd,bgm_g01_sfx_maintheme,2.6
0x00be,bgm_g02_sfx_corneria,3.6
0x00bf,bgm_g03_sfx64_maintheme,2.5
0x00c0,bgm_g04_sfx64_area6,1.8
0x00c1,bgm_g05_sfx64_starwolf,1.7
0x00c2,bgm_g07_ast_sentoutyuuiki,2.7
0x00c3,bgm_g08_ast_hyougentoppaseyo,3.7
0x00c4,bgm_g09_ast_starwolf,2.7
0x00c5,bgm_g10_sfx_spacearmada,2.9
0x00c6,bgm_g11_sfx64_area6ver2,2.2
0x00c7,bgm_g12_sfx64_starwolf_sectorz,1.7
0x00c8,bgm_g13_sfx64_cmd_area6_missle,4.4
0x00c9,bgm_h01_pm_maintheme,2.6
0x00ca,bgm_h02_pm_pokemoncenter,1.2
0x00cb,bgm_h03_pm_tokiwahenomichi_nibicity,3.2
0x00cc,bgm_h04_pm_pokemongym_shinka,2.2
0x00cd,bgm_h05_rs_sentou_yaseipokemon,2.6
0x00ce,bgm_h06_rs_championroad,2.7
0x00cf,bgm_h08_dp_dialgapalkia_yarinohashira,3.7
0x00d0,bgm_h09_dp_gingadan,3.7
0x00d1,bgm_h10_dp_209bandouro,2.6
0x00d2,bgm_h11_bw_n_medley,3.8
0x00d3,bgm_h12_bw_sentou_zekrom_reshiram,3.5
0x00d4,bgm_h13_xy_sentou_trainer,4
0x00d6,bgm_h16_dp_sentou_champion,3.3
0x00d7,bgm_h17_bw_10bandouro,4.1
0x00d8,bgm_h18_b2w2_23bandouro,4
0x00d9,bgm_h19_xy_vs_flare,3.4
0x00da,bgm_h20_xy_sentou_yaseipokemon,3.4
0x00db,bgm_h21_xy_championroad,4.4
0x00dc,bgm_h22_xy_sentou_champion,4.6
0x00dd,bgm_i01_fzr_mutecity,3.3
0x00de,bgm_i02_fzr_whiteland,2.9
0x00df,bgm_i03_fzr_firefield,2.8
0x00e0,bgm_i04_fzx_carselect,4.3
0x00e1,bgm_i05_fzx_dreamchaser,3.2
0x00e2,bgm_i06_fzx_devilscallinyourheart,2.9
0x00e3,bgm_i07_fzx_climbup_andgetthelastchance,3.7
0x00e4,bgm_i08_gx_braincleaner,3.2
0x00e5,bgm_i09_gx_shotgunkiss,3.9
0x00e6,bgm_i10_gx_planetcolors,2.8
0x00e7,bgm_i11_fzr_mutecity,4.7
0x00e8,bgm_i12_fzr_sfc_mutecity,2.6
0x00e9,bgm_i14_fzr_redcanyon,2.6
0x00ea,bgm_j02_fem_theme,3.7
0x00eb,bgm_j03_fem_aankokuryuumedley,3.5
0x00ec,bgm_j04_gdn_miranokagototomoni,2.6
0x00ed,bgm_j06_snk_shingekijunbi,3
0x00ee,bgm_j07_fnk_winningroad_roynokibou,2.8
0x00ef,bgm_j08_rnk_kougeki,3.2
0x00f0,bgm_j09_sek_againstthedarkknight,2.8
0x00f1,bgm_j10_sek_crimeaarmysortie,3
0x00f2,bgm_j11_sek_powerhungryfool,1.4
0x00f3,bgm_j12_sek_victoryisnear,3.9
0x00f4,bgm_j13_anm_ikenotheme,2.8
0x00f5,bgm_j14_ksi_i_i,3
0x00f6,bgm_j15_gdn_tatakai1,2.9
0x00f7,bgm_j16_mnn_deainotheme,2.8
0x00f8,bgm_j17_mnn_singeki,2.2
0x00f9,bgm_j18_ssk_tougijyou,2.4
0x00fa,bgm_j20_anm_tyuugitsukusan,2.3
0x00fb,bgm_j21_anm_kekkinotoki,2.8
0x00fc,bgm_j22_ksi_shimei_honoo,2.9
0x00fd,bgm_j23_ksi_ensei_honoo,4.4
0x00fe,bgm_k01_mtr_snowman,3.5
0x00ff,bgm_k07_mtr_porkynotheme,2.5
0x0100,bgm_k08_mtr3_ainotheme,1.6
0x0101,bgm_k09_mtr3_revenge_bukkowashisanka,1.5
0x0102,bgm_k11_mtr_magicant_eightmelodies,2.7
0x0103,bgm_k12_mtr2_smileandtears,1.7
0x0104,bgm_k13_mtr2_onettnotheme,1.4
0x0105,bgm_l01_pik2_worldmap,2.7
0x0106,bgm_l02_pik_kibounomori,3.2
0x0107,bgm_l03_pik_kankyouon,1.7
0x0108,bgm_l06_pik_maintheme,4
0x0109,bgm_l07_pik_clear_title,3.9
0x010a,bgm_l09_pik2_stageselect,2.7
0x010b,bgm_l10_pik3_missionmode,4
0x010c,bgm_l11_pik3_saikainohanazono,3.6
0x010d,bgm_m01_miw_madeinwario,2.6
0x010e,bgm_m02_miw_medley,2.1
0x010f,bgm_m07_smw_ashreynotheme,3.6
0x0110,bgm_m08_smw_ashreyssong,4
0x0111,bgm_m19_smw_ashreynotheme,1.5
0x0112,bgm_m20_wls_1_1_1_iseki,3.1
0x0113,bgm_m21a_gaw_gamer_normal,2.7
0x0114,bgm_m21b_gaw_gamer_mom,2.7
0x0115,bgm_n01_dnm_title,0.5
0x0116,bgm_n02_dnm_yuke_kekerider,3.5
0x0117,bgm_n03_dnm_200am,2.6
0x0118,bgm_n05_oid_junkissa_hatonosu,1.7
0x0119,bgm_n06_oid_yakubatotanukichi,2.6
0x011a,bgm_n07_dnm_kk_urban,1.6
0x011b,bgm_n08_dnm_kk_western,1.7
0x011c,bgm_n09_dnm_kk_neworleans,1.7
0x011d,bgm_n10_dnm_kk_rocknroll,1.7
0x011e,bgm_n11_dnm_kk_eurobeat,1.7
0x011f,bgm_n12_dnm_kk_perunouta,1.8
0x0120,bgm_n13_tbd_kotobukiland_medley,3.6
0x0121,bgm_n14_tbd_kappeinouta,4.8
0x0122,bgm_n15_mhi_town_main,3.5
0x0123,bgm_n16_tbd_feild19ji_hare,3.6
0x0124,bgm_n17_tbd_tour,2.1
0x0125,bgm_n18_tbd_kekeidol,2.5
0x0126,bgm_p01_pnk_meifukai,5
0x0127,bgm_p02_pnk_title,2.6
0x0128,bgm_p03_pnk_chijyoukai,2.4
0x0129,bgm_p04_pnk_genkyokumedley,3.6
0x012a,bgm_p05_shs_syokikabakudannokyoufu,3.9
0x012b,bgm_p06_shs_seizokusen,3.9
0x012c,bgm_p07_shs_bosssen1,1
0x012d,bgm_p09_shs_blackpitnotheme,3.8
0x012e,bgm_p11_shs_ginganoseiiki,2.7
0x012f,bgm_p12_shs_houkaiengeland,3.7
0x0130,bgm_p13_shs_magnanotheme,4.2
0x0131,bgm_p15_shs_hadesnotheme,3.8
0x0132,bgm_p16_shs_raiunnoteien,1.7
0x0133,bgm_q01_fc_famicommedley,3.3
0x0134,bgm_q02_rob_blockandgyro,2
0x0135,bgm_q04_drm_chill,3.7
0x0136,bgm_q05_clu_clucluland,3.8
0x0137,bgm_q07_ice_iceclimber,2.8
0x0138,bgm_q08_oni_shinonigashima,3.8
0x0139,bgm_q09_3hr_title,3.6
0x013a,bgm_q10_trs_typea,3
0x013b,bgm_q11_trs_typeb,2.1
0x013c,bgm_q12_x_tunnelscene,2.5
0x013d,bgm_q15_bft_medley,2.4
0x013e,bgm_q16_bft_balloontrip,2.3
0x013f,bgm_q17_nmj_medley,3.5
0x0140,bgm_q18_po_running_countdown,4.7
0x0141,bgm_q19_dkh_title,1.3
0x0142,bgm_q20_wcr_gamestart,2.8
0x0143,bgm_q21_mpo_shiaityuu,4
0x0144,bgm_q22_pw_lightplane,3.9
0x0145,bgm_q23_pw_lightplane_ver2,4.5
0x0146,bgm_q24_wcr_bgma,2.6
0x0147,bgm_q26_pw_lightplane,3.6
0x0148,bgm_r02_pictochat,2.6
0x0149,bgm_r04_gw_flatzone2,1.4
0x014a,bgm_r05_mtg_mariotennis_mariogolf,3.4
0x014b,bgm_r06_pdp_lipnotheme,1.9
0x014c,bgm_r07_mmg_marionationgear,1.8
0x014d,bgm_r08_yaj_title,2.4
0x014e,bgm_r09_1080_goldenforest,1.8
0x014f,bgm_r11_spc_wiishopingchannel,2.7
0x0150,bgm_r12_ont_sentou_boss,4.6
0x0151,bgm_r14_ext_excitetruck,4.1
0x0152,bgm_r15_nou_dstraning,3.4
0x0154,bgm_r18_ntd_shower,3.6
0x0155,bgm_r19_ntd_shower_ver2,3.7
0x0156,bgm_r20_ngc_nigaoehiroba,2.6
0x0157,bgm_r21_wpo_minorcircuit,3.5
0x0158,bgm_r22_tdcs_tomodachicollection,2.6
0x0159,bgm_r23_xbd_gaurheigen,4.3
0x015a,bgm_r24_xbd_nawokansurumonotachi,4
0x015b,bgm_r25_xbd_kinoritsudou,2.5
0x015c,bgm_r26_scd2_sekaiwosukueyuushayo,2.6
0x015d,bgm_r27_scd2_yaminoou,1.6
0x015e,bgm_r28_wft_hoopdance,3.7
0x015f,bgm_r29_wftp_athleticmii,2.7
0x0160,bgm_r30_wftp_skebo_freemode,3.3
0x0161,bgm_r31_wsp_title,2.7
0x0162,bgm_r32_wsr_title,2.6
0x0163,bgm_r33_wsr_title_ver2,2.9
0x0164,bgm_r34_bt2_thevaledictoryelegy,5.4
0x0165,bgm_r35_hne_battleareaa_greecce,4.1
0x0166,bgm_r36_xbd_arrangemedley,3.6
0x0167,bgm_r37_hsz_boss1,3.2
0x0168,bgm_r38_iki_maintheme,3.1
0x0169,bgm_r39_pwr_hikouki,3.7
0x016a,bgm_r40_pwr_hangglider,3.6
0x016b,bgm_r41_cct_opening,4.4
0x016c,bgm_r42_nld_title,1.6
0x016d,bgm_r43_wgf_title,2.7
0x016e,bgm_r44_wft_rhythmboxing,4.3
0x016f,bgm_r45_wftp_segwaychallange_tyuukyuu,3.6
0x0170,bgm_r46_wftu_luge,2.4
0x0171,bgm_r47_wptu_theme_1,1.4
0x0172,bgm_r48_wsr_title,2.8
0x0173,bgm_r49_motto_menu,2.9
0x0174,bgm_r50_sbg_bosskyuumonsterbattle,2.8
0x0175,bgm_r51_cap_macnouta,2.6
0x0176,bgm_r52_bbdx_performance,3.7
0x0177,bgm_r53_po_splashscreen,3.7
0x0178,bgm_r54_po_worldcircuitfight,3.7
0x0179,bgm_r55_xbd_tekitonotaiji,3.1
0x017a,bgm_r56_xbd_sentou,4.4
0x017b,bgm_r57_xbd_gaurheigen_yoru,4.1
0x017c,bgm_r58_xbd_yukutewohabamumono,2.5
0x017d,bgm_r59_xrt_tunnelnormal,1.7
0x017e,bgm_r60_ont_worldmap,2.6
0x017f,bgm_r61_egk_swan_lesson,2.4
0x0180,bgm_r63_arg_dragonnotatakai,3.6
0x0181,bgm_r64_nld_title,1.7
0x0182,bgm_r65_wgf_fashonshow,2.2
0x0183,bgm_r66_rlw_move2,2.3
0x0184,bgm_r67_rmx_remix2_title,2.9
0x0185,bgm_r68_101_rolloutwonderful100,2
0x0186,bgm_r69_101_jerginghaplanetdestructionform,3.3
0x0187,bgm_s01_rm2_medley,3.5
0x0188,bgm_s02_rm2_airman_stage,3.6
0x0189,bgm_s03_rm3_sparkman_stage,2.6
0x018a,bgm_s04_rm2_originalmedley,1.8
0x018b,bgm_s05_rm_cutman_stage,3.4
0x018c,bgm_s06_rm2_quickman_stage,4.7
0x018d,bgm_s07_rm3_shadowman_stage,3.3
0x018e,bgm_s08_rm_originalmedley,1.6
0x018f,bgm_s09_rm3_originalmedley,2.2
0x0190,bgm_s10_rm4_6_originalmedley,2.3
0x0191,bgm_t01_sb_staffroll,3.1
0x0192,bgm_t06_spr_kongojungle,2.7
0x0193,bgm_t07_sb_staffroll,3.8
0x0194,bgm_t08_sb_yoshiisland,1.7
0x0195,bgm_u01_snc_greenhillzone,3.9
0x0196,bgm_u04_snc3_angelislandzone,2.7
0x0197,bgm_u08_sadv_openyourheart,2.7
0x0198,bgm_u09_sadv2_liveandlearn,3.7
0x0199,bgm_u10_shrs_sonicheroes,2.5
0x019b,bgm_u12_snc06_hisworld_instrumental,2.9
0x019c,bgm_u13_srng_sevenringsinhand,3.7
0x019d,bgm_u14_sadv2_escapefromthecity,4.3
0x019e,bgm_u15_sblk_knightofthewind,4.4
0x019f,bgm_u16_sclr_reachforthestars,4.8
0x01a0,bgm_u17_sgen_rooftoprun,4.6
0x01a1,bgm_u18_slst_wonderworld,3.3
0x01a2,bgm_u19_slst_windyhill_zone1,4
0x01a3,bgm_v01_pac_pacman,3.7
0x01a4,bgm_v02_pac_pacman_clubmix,3.6
0x01a5,bgm_v03_mna_pacmanspark_blocktown,3.9
0x01a6,bgm_v04_lbl_libblelabble_medley,2.5
0x01a7,bgm_v05_mcr_metrocross_medley,3.9
0x01a8,bgm_v06_nmc_80smedley1,3.4
0x01a9,bgm_v07_nmc_80smedley2,4.1
0x01aa,bgm_v08_skd_skykid_medley,3.4
0x01ad,bgm_w01_smb_peachjyou,2.6
0x01ae,bgm_w02_sm64_rainbowcruise,2.7
0x01af,bgm_w04_mr_brinstarshinbu,3.1
0x01b0,bgm_w05_wld_yostertou,2.3
0x01b1,bgm_w07_kby_greengreens,3.4
0x01b2,bgm_w08_sfx_cornelia,2.6
0x01b3,bgm_w09_pm_pokemonstadium,5.7
0x01b4,bgm_w10_pm_pokemonakuukan,3.9
0x01b5,bgm_w11_fzr_bigblue,2.9
0x01b6,bgm_w12_mtr_onet,2.5
0x01b7,bgm_w13_ice_iciclemountain,2.7
0x01b8,bgm_w14_gw_flatzone,2.8
0x01b9,bgm_w15_smb3_supermario3,2.3
0x01ba,bgm_w16_kg_pekemonstadiumkingin,3.6
0x01bb,bgm_w17_fem_fireemblem,2.8
0x01bc,bgm_w18_mrd_machrider,4
0x01bd,bgm_w19_mtr_pollyanna,1.8
0x01be,bgm_w20_drm_drmario,3.7
0x01bf,bgm_w24_lnk_shinden,4.2
0x01c0,bgm_w25_sbdx_shuuten,3.8
0x01c1,bgm_w26_dk64_monkyrap,4
0x01c2,bgm_w27_mr_brinstar,2.7
0x01c3,bgm_w28_sfx_wakuseivenom,3.8
0x01c4,bgm_w29_fzr_mutecity,4
0x01c5,bgm_w30_sbdx_menu,3
0x01c6,bgm_w31_sbdx_gigakoopa,3.4
0x01c7,bgm_w33_sbdx_menu2,3.7
0x01c8,bgm_w34_sbdx_menu,4.1
0x01c9,bgm_w35_sbdx_menu_ver2,3.1
0x01ca,bgm_w36_zld_greatbay,2.6
0x01cb,bgm_w37_str_yoshistory,3.5
0x01cc,bgm_w39_sbdx_hyakuninkumite2,2.8
0x01cd,bgm_w40_sbdx_metalbattle,4.5
0x01ce,bgm_w41_sbdx_figuremeikan,4.5
0x01cf,bgm_x02_sbx_menu1,4.1
0x01d0,bgm_x04_sbx_senjyou,2.8
0x01d1,bgm_x05_sbx_shuuten,3.2
0x01d2,bgm_x07_sbx_onlinerenshuustage,2.6
0x01d3,bgm_x16_sbx_homeruncontest,2.6
0x01d4,bgm_x17_sbx_nasakemuyoukumite,1.9
0x01d5,bgm_x18_sbx_bossbattle,2.6
0x01d6,bgm_x19_sbx_figuremeikan,2.3
0x01d7,bgm_x25_sbx_senjyou_ver2,3
0x01d8,bgm_y05_sbx_bosssentoukyoku1,2.4
0x01d9,bgm_y07_sbx_bosssentoukyoku2,3.7
0x01da,bgm_z00_f_miifighter,7.9
0x01db,bgm_z01_f_mario,9.4
0x01dc,bgm_z02_f_donkey,8.8
0x01dd,bgm_z03_f_link,8.4
0x01de,bgm_z04_f_samus,8.5
0x01df,bgm_z05_f_yoshi,8.4
0x01e0,bgm_z06_f_kirby,9
0x01e1,bgm_z07_f_fox,8.5
0x01e2,bgm_z08_f_pikachu,8.9
0x01e3,bgm_z09_f_luigi,9.4
0x01e4,bgm_z10_f_captain,9.4
0x01e5,bgm_z11_f_ness,7.4
0x01e6,bgm_z12_f_koopa,8.9
0x01e7,bgm_z13_f_peach,9.4
0x01e8,bgm_z14_f_zelda,8.4
0x01e9,bgm_z15_f_sheik,8.4
0x01ea,bgm_z17_f_marth,8.8
0x01eb,bgm_z18_f_gamewatch,7.4
0x01ec,bgm_z19_f_falco,8.5
0x01ed,bgm_z20_f_ganon,8.4
0x01ee,bgm_z21_f_wario,8.9
0x01ef,bgm_z22_f_metaknight,7.6
0x01f0,bgm_z23_f_pit,7.7
0x01f1,bgm_z24_f_zerosamus,8.5
0x01f2,bgm_z25_f_pikmin,7.5
0x01f3,bgm_z27_f_diddy,8.8
0x01f4,bgm_z32_f_dedede,9
0x01f5,bgm_z33_f_lucario,8.9
0x01f6,bgm_z34_f_ike,8.8
0x01f7,bgm_z35_f_robot,8.1
0x01f8,bgm_z37_f_purin,8.9
0x01f9,bgm_z41_f_toonlink,8.4
0x01fa,bgm_z47_f_sonic,7.5
0x01fd,bgm_z54_j_figureget,-2.5
0x01fe,bgm_z55_j_rarefigure,-2.2
0x01ff,bgm_z57_j_youso01,-2.7
0x0200,bgm_z58_j_youso02,-2
0x0201,bgm_z59_f_lizardon,8.9
0x0202,bgm_z60_f_mariod,9.4
0x0203,bgm_z61_f_lucina,8.3
0x0204,bgm_z62_f_pitb,8.3
0x0205,bgm_z63_f_rosetta,8.1
0x0206,bgm_z64_f_wiifit,8.2
0x0207,bgm_z65_f_littlemac,7.5
0x0208,bgm_z66_f_murabito,5.4
0x0209,bgm_z67_f_palutena,7.7
0x020a,bgm_z68_f_reflet,8.3
0x020b,bgm_z69_f_duckhunt,7.3
0x020c,bgm_z70_f_koopajr,8.9
0x020d,bgm_z71_f_shulk,9.5
0x020e,bgm_z72_f_gekkouga,8.9
0x020f,bgm_z73_f_pacman,6.9
0x0210,bgm_z74_f_rockman,9.2
0x0214,bgm_z80_f_mewtwo,8.9
0x0215,bgm_z81_f_ryu,8.1
0x0216,bgm_z82_f_lucas,7.4
0x0217,bgm_z83_f_roy,8.8
0x0218,bgm_sf01a_sf2_ryu,5.5
0x0219,bgm_sf01b_sf2_ryu_pinch,5.5
0x021a,bgm_sf02a_sf2_ryu_2,2.5
0x021b,bgm_sf02b_sf2_ryu_2_pinch,2.5
0x021c,bgm_sf03a_sf2_ken,5.2
0x021d,bgm_sf03b_sf2_ken_pinch,4.4
0x021e,bgm_sf04a_sf2_ken_2,3.2
0x021f,bgm_sf04b_sf2_ken_2_pinch,2.6
0x0220,bgm_sf05_sf2_ryustage,4.5
0x0221,bgm_sf06_sf2_kenstage,2
0x0222,bgm_f27_air_moristage,-0.6
0x0223,bgm_f28_kby64_popstar,1.5
0x0224,bgm_f29_tdx_tamashiinotatakai,2.5
0x0225,bgm_f30_yim_icecreamisland,3.1
0x0226,bgm_t09_sdx_pupupuland,2
0x0227,bgm_w06_sdx_yumenoizumi,-0.6
0x0228,bgm_r70_rtg_bluebirds,2.1
0x0229,bgm_r71_mrt_sarudokei,2
0x022b,bgm_a67_sm64_slider,2.4
0x022c,bgm_a68_musa_chijyou,1.2
0x022d,bgm_a69_sm64_maintheme,1.6
0x022e,bgm_t10_smb_peachjyoujoku,1.3
0x022f,bgm_c14_mnk_terminaheigen,2.3
0x0230,bgm_c33_zld_chijiyou,1.4
0x0231,bgm_c34_tri_omotenochijiyou,1.4
0x0232,bgm_c35_tno_hyrulemaintheme,0.7
0x0233,bgm_c36_zld_medley,1.9
0x0234,bgm_t11_zld_hyrulejiyou,3.2
0x0235,bgm_a45a_newu_chijyou_smmlink,1.2
0x0236,bgm_a66a_smb3_chijyou_smmlink,0.8
0x0237,bgm_a70_smm_title,3.7
0x0238,bgm_a71_smb_chijyou,0.3
0x0239,bgm_a71a_smb_chijyou_smmlink,0.3
0x023a,bgm_a72_wld_chijyou,1.9
0x023b,bgm_a72a_wld_chijyou_smmlink,1.9
0x023c,bgm_z84_j_orekyoku_smm_chijyou_link,0.3
0x023d,bgm_z85_f_cloud,6.7
0x023f,bgm_ff01_ff7_tatakaumonotachi,3.6
0x0240,bgm_ff02_ff7_saranitatakaumonotachi,4.1
0x0241,bgm_j24_if_hitoriomou,3.8
0x0242,bgm_j25_if_hitoriomou,1.5
0x0243,bgm_j26_if_lostinthoughtsallalone,1.5
0x0244,bgm_z87_f_kamui,8.8
0x0245,bgm_z86_f_bayonetta,5.1
0x0246,bgm_by01_by_oneofakind,3.8
0x0247,bgm_by02_by_ridersofthelight,2
0x0248,bgm_by03_by_mysteriousdestiny,2.8
0x0249,bgm_by04_by_letshittheclimax,2.2
0x024a,bgm_by05_by_redandblack,2.9
0x024b,bgm_by06_by_afterburnerclimaxmix,2.9
0x024c,bgm_by07_by_tomoyo,2.8
0x024d,bgm_by08_by_letsdanceboys,2.4
0x024e,bgm_by09_by2_thelegendofaesir,5.3
0x024f,bgm_by10_by2_tomorrowismine,3.5
0x0250,bgm_by11_by2_timefortheclimax,3.1
0x0251,bgm_sp01_sp_splattack,2.7
0x0252,bgm_sp02_sp_inkorsink,3.5
0x0254,bgm_sp04_sp_krakenup,2.4
0x0255,bgm_sp05_sp_metalopod,1.4
0x0256,bgm_sp06_sp_nowornever,3.4
0x0257,bgm_sp07_sp_kimiironisomete,3.5
0x0258,bgm_sp08_sp_imanuraneba,2.3
0x0259,bgm_sp09_sp_shiokarabushi,3.4
0x025a,bgm_sp10_sp_quickstart,3.4
0x025b,bgm_sp11_sp_octoweaponry,2.1
0x025c,bgm_sp12_sp_iamoctavio,3.6
0x025e,bgm_ad01_fc_starker,2.2
0x0260,bgm_ad03_fc_outoftime,2.4
0x0261,bgm_ad04_dc2_bloodytears,2.1
0x0262,bgm_ad05_dc2_dwellingofdoom,0.5
0x0264,bgm_ad20_ac_beginning,4
0x0265,bgm_ad21_ac_jyujikawomuneni,2.9
0x0266,bgm_ad30_hd_tasogarenoseikon,2.6
0x0267,bgm_ad31_hd_yorumadematenai,1.4
0x0268,bgm_ad32_hd_aquarius,2.5
0x0269,bgm_ad33_hd_slash,1.8
0x026b,bgm_ad07_sfc_simonbelmontnotheme,-0.1
0x026c,bgm_ad08_vk_ironblueintention,2.4
0x026d,bgm_ad09_cm_awake,1.7
0x026e,bgm_ad10_cv_shinjitsunonageki,2.8
0x026f,bgm_ad11_sj_shikkokunoshinkou,2.8
0x0270,bgm_ad12_gl_jailofjewel,3.2
0x0271,bgm_ad13_gl_hailfromthepast,3.3
0x0272,bgm_ad14_gl_keishou_kekkonnoketsuzoku,2.9
0x0273,bgm_ad15_ju_vampirekiller,3.1
0x0275,bgm_ad17_ju_madforest,3
0x0276,bgm_ad18_ju_draculascastle,2.9
0x0277,bgm_ad19_ju_danceofillusions,2
0x0278,bgm_ad22_ac_simonnotheme,1.8
0x0279,bgm_ad23_hd_koujoukairou,3.1
0x027a,bgm_ad24_hd_yamiyonogekitotsu,3.3
0x027b,bgm_ad25_hd_shikkokunotsubasa,2.8
0x027c,bgm_ad26_hd_kirisakaretaseijaku,2.5
0x027d,bgm_ad27_hd_ushinawaretasaiga,1
0x027e,bgm_ad28_hd_nothingtolose,3.5
0x027f,bgm_ad29_hd_hikyounokikoushi,3.2
0x0280,bgm_ad35_hd_ikegetsufuma,3
0x0281,bgm_f14_kby_gb_greengreens,0.5
0x0282,bgm_f15_kby_gb_castlelololo,1.1
0x0283,bgm_f16_kby_gb_floatislands,0.6
0x0284,bgm_f17_kby_gb_bubblyclouds,0.5
0x0285,bgm_f18_kby_gb_mtdedede,1.3
0x0286,bgm_mg06_mgs4_themeoflove,3.7
0x0287,bgm_r03_electroplankton,-12
0x0288,bgm_t15_pm_yamabukicity,4.2
0x0289,bgm_w03_spr_junglegarden,2
0x028a,bgm_w32_mtr2_fourside,1.8
0x028b,bgm_assist_sp_shiokarabushi,6.4
0x028c,bgm_assist_sp_kimiironisomete,6.4
0x028d,bgm_a75_smo_breakfree,2.1
0x028e,bgm_a76_smo_finaldungeon,2.4
0x028f,bgm_a77_smo_forestkingdom,1.4
0x0290,bgm_a78_smo_jumpupsuperstar,3.3
0x0291,bgm_a79_smo_newdonkcity,1.5
0x0292,bgm_a80_smo_smbtheme_bandplay,2.5
0x0293,bgm_a81_smo_waterfallkingdom,2.8
0x0294,bgm_c37_bow_ganon_latter,3.8
0x0295,bgm_c38_bow_hyrulejyou_outside,3.6
0x0296,bgm_c39_bow_kasstheme,4.1
0x0297,bgm_c40_bow_maintheme,4.3
0x0298,bgm_ad36_gy_ougonnobukyoku,1.5
0x0299,bgm_a82_lm_theme,1.3
0x029a,bgm_d17_prm_vsparasitequeen,4.7
0x029b,bgm_h23_sm_sentou_yaseipokemon,2.7
0x029c,bgm_j27_hr_menu,2.6
0x029d,bgm_k14_mtr_magicant,3.3
0x029e,bgm_k15_mtr2_fourside,3.5
0x029f,bgm_n19_hhd_title,3.7
0x02a0,bgm_r73_wftu_trainingmenu,1.6
0x02a1,bgm_s11_rm2_woodmanstage,3.2
0x02a2,bgm_s12_rm5_darkmanstage,2.5
0x02a3,bgm_w48_sbdx_asobikata,3.8
0x02a4,bgm_a78a_smo_jumpupsuperstar_partlink_ba,3.3
0x02a5,bgm_a78a_smo_jumpupsuperstar_partlink_dr,3.3
0x02a6,bgm_a78a_smo_jumpupsuperstar_partlink_gt,3.3
0x02a7,bgm_a78a_smo_jumpupsuperstar_partlink_tp,3.3
0x02a8,bgm_a78a_smo_jumpupsuperstar_partlink_vo,3.3
0x02a9,bgm_a80a_smo_smbtheme_bandplay_partlink_ba,2.5
0x02aa,bgm_a80a_smo_smbtheme_bandplay_partlink_dr,2.5
0x02ab,bgm_a80a_smo_smbtheme_bandplay_partlink_gt,2.5
0x02ac,bgm_a80a_smo_smbtheme_bandplay_partlink_tp,2.5
0x02ad,bgm_z16_f_iceclimber,5.5
0x02ae,bgm_z46_f_snake,6.1
0x02af,bgm_z89_f_younglink,8.4
0x02b0,bgm_z88_f_pichu,8.9
0x02b1,bgm_z90_f_shizue,5.5
0x02b2,bgm_z91_f_gaogaen,8.9
0x02b4,bgm_z93_f_inkling,9
0x02b5,bgm_z94_f_ridley,7.4
0x02b6,bgm_z95_f_krool,8.4
0x02b7,bgm_z96_f_simon,7.5
0x02b8,bgm_a83_sms_dolpiktown,1.9
0x02b9,bgm_a84_smb3_maoukuppa,2.3
0x02ba,bgm_a85_smb3_chijyou,2.1
0x02bb,bgm_a86_smb3_toridenoboss,1.5
0x02bc,bgm_b20_dk_medley,2.4
0x02bd,bgm_b21_spr2_crocodilecacophony,2.1
0x02be,bgm_b22_spr_mappage_bonuslevel,1.8
0x02bf,bgm_b23_spr_shipdeck2,3.1
0x02c0,bgm_b24_spr_thepirateship,2.3
0x02c1,bgm_c41_zds_3rdtrailertheme,3.3
0x02c2,bgm_c42_tpr_kizudarakenomidna,3.4
0x02c3,bgm_c43_tri3_maintheme,2.7
0x02c4,bgm_c44_kzt_morudogeira,2.6
0x02c5,bgm_c45_zld_deathmountain,1.9
0x02c6,bgm_c46_mnk_terminaheigen,2.6
0x02c7,bgm_d18_smr_vsridley,2
0x02c8,bgm_d19_mr_brinstarshinbu,2.7
0x02c9,bgm_e12_nild_maintheme,3.4
0x02ca,bgm_f31_air_citytrial,2.7
0x02cb,bgm_f32_kby_staffroll,2.2
0x02cc,bgm_h24_oras_kessen_daigo,2.8
0x02cd,bgm_h25_sm_sentou_shimakingshimaqueen,2.9
0x02ce,bgm_h26_sm_sentou_gladion,2.6
0x02cf,bgm_h27_sm_sentou_shitennou_solgaleo_lunala,2.5
0x02d0,bgm_h28_sm_sentou_trainer,3.2
0x02d1,bgm_h29_oras_sentou_higana,2.8
0x02d2,bgm_h30_sm_choujoukessen,3.2
0x02d3,bgm_i15_fzr_medley,3.1
0x02d4,bgm_i16_fzr_sandocean,1.7
0x02d5,bgm_j28_if_hitoriomou,2.8
0x02d6,bgm_j29_ksi_jomaku_honoo,2.7
0x02d7,bgm_j30_ssk_shituinohate,2.5
0x02d8,bgm_j31_ksi_shukumei_honoo,2.6
0x02d9,bgm_l12_pik3_saikainohanazono,3.2
0x02da,bgm_mg12_mgs3_snakeeater,3.4
0x02db,bgm_mg13_mg2_themeofsolidsnake,3.2
0x02dc,bgm_n20_dnm_title,2.5
0x02dd,bgm_n21_dmp_title,1.8
0x02de,bgm_q27_pw_lightplane,3.2
0x02df,bgm_q28_dkh_medley,4.3
0x02e0,bgm_q29_wcr_bgmb,3.2
0x02e1,bgm_q30_yyk_medley,1.9
0x02e2,bgm_r74_wsc_maintitle,2.9
0x02e3,bgm_r75_electroplankton,1.9
0x02e4,bgm_r76_scd_seriesmedley,2.4
0x02e5,bgm_r77_stm_hotspot2,2.7
0x02e6,bgm_r78_ntd_shower,2.8
0x02e7,bgm_r79_snp_w1stage,2.5
0x02e8,bgm_r80_tdcs_tomodachicollection,2.4
0x02e9,bgm_r81_wsp_openingtheme,2.7
0x02ea,bgm_r82_wft_mainmenu,2.1
0x02eb,bgm_s13_rm3_topmanstage,2.2
0x02ec,bgm_s14_rm_icemanstage,3.6
0x02ed,bgm_s15_rm_bombmanstage,2.5
0x02ee,bgm_s16_rm_firemanstage,2.2
0x02ef,bgm_s17_rm2_metalmanstage,2.4
0x02f0,bgm_s18_rm2_crashmanstage,2.8
0x02f1,bgm_s19_rm4_medley,2.3
0x02f2,bgm_s20_rm5_gravitymanstage,2.5
0x02f3,bgm_s21_rm5_napalmmanstage,2.8
0x02f4,bgm_s22_rm9_weretherobots_wilystage2,2.9
0x02f5,bgm_s23_rmx_openingstage,1.4
0x02f6,bgm_s24_rm_gutsmanstage,2.2
0x02f7,bgm_s25_rm3_hardmanstage,2.6
0x02f8,bgm_sf07_sf2_guilestage,4.1
0x02f9,bgm_sf08_sf2_balrogstage,3.7
0x02fa,bgm_sp14_sp_nowornever,2.8
0x02fb,bgm_sp15_sp_tokimekibombrush,3.2
0x02fc,bgm_sp16_sp_seaskape,2
0x02fd,bgm_sp17_sp_splattack,3.3
0x02fe,bgm_v11_glg_medley,3.6
0x02ff,bgm_v12_mpy_medley,2.8
0x0300,bgm_v13_dsp_area1,3.1
0x0301,bgm_a87_glx2_hoshibunehayuku,1.5
0x0302,bgm_a88_glx2_magmamonster,2.5
0x0304,bgm_a90_pmc_battle,0.7
0x0305,bgm_b25_spr_funkykongpage,4.1
0x0306,bgm_b26_spr_theicecove,2.6
0x0307,bgm_b27_jcl_btlcommon,2.6
0x0308,bgm_c47_tri3_moriarea,2.1
0x0309,bgm_d20_pff_splashscreen,1.7
0x030a,bgm_d21_srt_result,2.6
0x030b,bgm_d22_srt_areabgmnettai,2.5
0x030c,bgm_d23_srt_zetametroid,2.8
0x030d,bgm_f33_wii_skytower,2.9
0x030e,bgm_f34_wii_dagerousdiner,2.4
0x030f,bgm_f35_wii_crowned,2
0x0310,bgm_f36_tdx_kyoukasuigetsu,2.6
0x0311,bgm_f37_ddz_crowned_ver2,3.2
0x0312,bgm_f38_rbp_kikainosekainodaibouken,2.2
0x0313,bgm_f39_rbp_roboboarmor,2.2
0x0314,bgm_g14_sfz_stgcorneria2,4.3
0x0315,bgm_g15_sfz_stgdefence,1.7
0x0316,bgm_g16_sfz_stgspace4,3
0x0317,bgm_i17_fzr_bigblue,1.4
0x0318,bgm_i18_fzr_deathwind,1.7
0x0319,bgm_i19_fzr_firefield,0.8
0x031a,bgm_i20_fzr_porttown,1.7
0x031b,bgm_i21_fzr_sandocean,0.5
0x031c,bgm_i22_fzr_sandocean,2
0x031d,bgm_i23_fzr_whiteland1,1.8
0x031e,bgm_i24_fzr_whiteland2,1.5
0x031f,bgm_j32_eco_btl_a2,2.8
0x0320,bgm_j33_eco_btl_berkut2,3.7
0x0321,bgm_j34_eco_mapb_a2,1.7
0x0322,bgm_j35_eco_mapb_rudlf,3
0x0323,bgm_l13_hpk_tokusyucourse4omote,2.1
0x0324,bgm_l14_hpk_boss2,2.3
0x0325,bgm_l15_hpk_boss4,2.8
0x0326,bgm_l16_hpk_boss9later,3.3
0x0329,bgm_n24_hhd_kanseidemo,0.2
0x032a,bgm_r83_wft_fumidaidance,1.6
0x032b,bgm_r84_wft_yoga,0.8
0x032c,bgm_r85_rtb_fruitsbasket,1.3
0x032d,bgm_sp18_sp2_inkoming,2.1
0x032e,bgm_sp19_sp2_ripentry,1.4
0x032f,bgm_sp20_sp2_undertow,2
0x0330,bgm_sp21_sp2_dontslip,1.9
0x0331,bgm_sp22_sp2_endolphinsurge,2.4
0x0332,bgm_sp23_sp2_fullthrottle_tentacle,0.8
0x0333,bgm_sp24_sp2_ripplerefrain,2.1
0x0334,bgm_sp25_sp2_redhotegoist,2
0x0335,bgm_sp26_sp2_gougou,2.3
0x0336,bgm_sp27_sp2_nowornever,2.1
0x0337,bgm_sp28_sp2_imanuraneba,2.9
0x0338,bgm_a91_tnsus_simpletennis,0.7
0x033e,bgm_a97_gfw_worldtornament,0.7
0x033f,bgm_a98_ptyis_maintheme,0.7
0x0340,bgm_a99_ptyis_boardbgm2,0.7
0x0344,bgm_aa04_mvdmin_title,0.7
0x0345,bgm_aa05_mvdmin_rollinghills,0.7
0x0346,bgm_aa06_malpmm_isogebamaniau,0.7
0x0347,bgm_aa07_malpmm_toriodedaikonsen,0.7
0x0348,bgm_aa08_malpmm_attackendrun,0.7
0x034e,bgm_aa14_sptss_kingdumstadium_yoru,0.7
0x034f,bgm_aa15_sptss_countryfield_senkou,0.7
0x0350,bgm_aa16_malr1d_koregabokosukabattle,1.7
0x0351,bgm_aa17_mkt8d_excitebike,1.7
0x0352,bgm_aa18_mkt8d_dragonroad,0.7
0x0353,bgm_aa19_mkt8d_tsurutsurutwister,0.7
0x0354,bgm_aa20_skt_dragonboss,0.7
0x0355,bgm_aa21_skt_kinopiotaicho_theme,0.7
0x0356,bgm_ad37_ac_blacknight_lasstboss2,2.8
0x0357,bgm_ad38_ju_vampirekiller,1.9
0x0359,bgm_r87_wsc_tnstraining,1.3
0x035a,bgm_r88_wcs_bsbtraining,1.3
0x035b,bgm_r89_std_kibouwomuneni,1.3
0x035c,bgm_r90_btc_title_maintheme,1.3
0x035d,bgm_r91_btc_baitotheme,1.3
0x035e,bgm_r92_khm_battlekaishi,1.3
0x0360,bgm_r94_hpl_mapfirst,1.3
0x0361,bgm_r95_stm_sodename_fe,1.3
0x0362,bgm_r96_stm_lords_kaikou,1.3
0x0363,bgm_r97_stm_lords_kessen,1.3
0x0364,bgm_r98_ccr_revolt_kibouhenokekki,1.3
0x0365,bgm_r99_ccr_koutekishubattle,1.3
0x0367,bgm_rr02_mtp_eventsentou,1.3
0x036a,bgm_rr05_mtp_chomaousen_hontai,1.3
0x036b,bgm_rr06_ttp_garage,1.3
0x036c,bgm_rr07_eoa_fieldmain,1.3
0x036d,bgm_rr08_eoa_battle2later,1.3
0x036e,bgm_s26_rm9_flashinthedark_wilystage1,0.2
0x036f,bgm_s27_rmx5_xvszero,2.6
0x0370,bgm_s28_rrz_themeofzero_fromx,2.6
0x0371,bgm_s29_rrm_shootingstar,2.6
0x0372,bgm_sf09a_sf2_blanka,5
0x0373,bgm_sf09b_sf2_blanka_pinch,5
0x0374,bgm_sf10a_sf2_blanka_2,2.5
0x0375,bgm_sf10b_sf2_blanka_2_pinch,2.5
0x0376,bgm_sf11a_sf2_guile,5
0x0377,bgm_sf11b_sf2_guile_pinch,5
0x0378,bgm_sf12a_sf2_guile_2,2.5
0x0379,bgm_sf12b_sf2_guile_2_pinch,2.5
0x037a,bgm_sf13a_sf2_chunli,5
0x037b,bgm_sf13b_sf2_chunli_pinch,5
0x037c,bgm_sf14a_sf2_chunli_2,2.5
0x037d,bgm_sf14b_sf2_chunli_2_pinch,2.5
0x037e,bgm_sf15a_sf2_ehonda,5
0x037f,bgm_sf15b_sf2_ehonda_pinch,5
0x0380,bgm_sf16a_sf2_ehonda_2,2.5
0x0381,bgm_sf16b_sf2_ehonda_2_pinch,2.5
0x0382,bgm_sf17a_sf2_zangief,5
0x0383,bgm_sf17b_sf2_zangief_pinch,5
0x0384,bgm_sf18a_sf2_zangief_2,2.5
0x0385,bgm_sf18b_sf2_zangief_2_pinch,2.5
0x0386,bgm_sf19a_sf2_dhalsim,5
0x0387,bgm_sf19b_sf2_dhalsim_pinch,5
0x0388,bgm_sf20a_sf2_dhalsim_2,2.5
0x0389,bgm_sf20b_sf2_dhalsim_2_pinch,2.5
0x038a,bgm_sf21a_sf2_mbison,5
0x038b,bgm_sf21b_sf2_mbison_pinch,5
0x038c,bgm_sf22a_sf2_mbison_2,2.5
0x038d,bgm_sf22b_sf2_mbison_2_pinch,2.5
0x038e,bgm_sf23a_sf2_balrog,5
0x038f,bgm_sf23b_sf2_balrog_pinch,5
0x0390,bgm_sf24a_sf2_balrog_2,2.5
0x0391,bgm_sf24b_sf2_balrog_2_pinch,2.5
0x0392,bgm_sf25a_sf2_sagat,5
0x0393,bgm_sf25b_sf2_sagat_pinch,5
0x0394,bgm_sf26a_sf2_sagat_2,2.5
0x0395,bgm_sf26b_sf2_sagat_2_pinch,2.5
0x0396,bgm_sf27a_sf2_vega,5
0x0397,bgm_sf27b_sf2_vega_pinch,5
0x0398,bgm_sf28a_sf2_vega_2,2.5
0x0399,bgm_sf28b_sf2_vega_2_pinch,2.5
0x039a,bgm_sf29a_sf2_deejay,5
0x039b,bgm_sf29b_sf2_deejay_pinch,5
0x039c,bgm_sf30a_sf2_deejay_2,2.5
0x039d,bgm_sf30b_sf2_deejay_2_pinch,2.5
0x039e,bgm_sf31a_sf2_thawk,5
0x039f,bgm_sf31b_sf2_thawk_pinch,5
0x03a0,bgm_sf32a_sf2_thawk_2,2.5
0x03a1,bgm_sf32b_sf2_thawk_2_pinch,2.5
0x03a2,bgm_sf33a_sf2_feilong,5
0x03a3,bgm_sf33b_sf2_feilong_pinch,5
0x03a4,bgm_sf34a_sf2_feilong_2,2.5
0x03a5,bgm_sf34b_sf2_feilong_2_pinch,2.5
0x03a6,bgm_sf35a_sf2_cammy,5
0x03a7,bgm_sf35b_sf2_cammy_pinch,5
0x03a8,bgm_sf36a_sf2_cammy_2,2.5
0x03a9,bgm_sf36b_sf2_cammy_2_pinch,2.5
0x03ab,bgm_crs2_01_menu,4.3
0x03ac,bgm_crs2_02_senjyou,4.3
0x03ad,bgm_crs2_03_shuuten,5.3
0x03ae,bgm_crs2_04_kumite,4.6
0x03af,bgm_crs2_05_masterhand,4.7
0x03b0,bgm_crs2_06_vs_matchup,-90
0x03b1,bgm_crs2_07_vs_table,2
0x03b2,bgm_crs2_08_vs_victory,5.7
0x03b5,bgm_crs2_11_trainingstage,1
0x03b6,bgm_crs2_12_adv_map_light,1.1
0x03b7,bgm_crs2_13_adv_map_light_subcommon,2.2
0x03b8,bgm_crs2_14_adv_map_dark,4
0x03b9,bgm_crs2_15_adv_map_final,4.3
0x03ba,bgm_crs2_16_bonusstage,4
0x03bb,bgm_crs2_17_vs_kiila1,5.4
0x03bd,bgm_crs2_19_vs_darz1,5.4
0x03bf,bgm_crs2_21_vs_kiila_darz,5.4
0x03c0,bgm_crs2_22_spiritsboard_roulette,-1.2
0x03c1,bgm_crs2_23_edit_common,1.3
0x03c2,bgm_crs2_24_spirits_raise,0.4
0x03c5,bgm_crs2_27_spirits_organize,-1.9
0x03c6,bgm_crs2_28_classic_dificulty,2
0x03c7,bgm_crs2_29_classic_matchup,-90
0x03c8,bgm_crs2_30_classic_result_win,2.2
0x03c9,bgm_crs2_31_classic_result_failure,-2.7
0x03ca,bgm_crs2_32_classic_chronicle,5.5
0x03cb,bgm_crs2_33_classic_result_final,-1
0x03cc,bgm_crs2_34_amiibo_fpfighter,0.2
0x03ce,bgm_crs2_36_simulationstage,1.1
0x03d0,bgm_crs2_38_online_watching,2.3
0x03d2,bgm_crs2_40_collection,1.2
0x03d3,bgm_crs2_41_shop,0.7
0x03d4,bgm_mh01_mhxx_houkou,4.5
0x03d5,bgm_i25_fzr_bigblue,1.5
0x03d6,bgm_j36_mnn_konohatanomotoni,3.4
0x03d7,bgm_j37_mnn_singeki,3.3
0x03d8,bgm_j38_fnk_anosoranomukouni_roynotabidachi,3.3
0x03d9,bgm_j39_ksi_i_i,3.1
0x03da,bgm_j40_hr_menutitle,2.8
0x03db,bgm_s30_rm3_snakemanstage,1.5
0x03dc,bgm_aa22_musa_chijyou,3.6
0x03dd,bgm_l17_pik_maintheme,4
0x03de,bgm_s31_rm2_flashmanstage,2.8
0x03df,bgm_a10_malrpg2_zarazarasabaku,-2.7
0x03e1,bgm_a73_smb_chijyou_hurryup,-2
0x03e2,bgm_a74_musa_chijyou_hurryup,-0.2
0x03e3,bgm_b02_spr_mappage_bonuslevel,0.6
0x03e7,bgm_c48_tno_sarianouta,1.4
0x03e8,bgm_d07_prm_opnening_menu,1.3
0x03e9,bgm_e03_ild_yoshiisland,2.5
0x03ec,bgm_h07_dp_sentou_yaseipokemon,2.3
0x03ed,bgm_k05_mtr_humoresqueofalittledog,1.5
0x03ee,bgm_k10_mtr3_utopiadesho,0.5
0x03f2,bgm_m03_mmw_kochiramonapizza,0.7
0x03f3,bgm_m04_mmw_monapizzassong,0.7
0x03f4,bgm_m05_smw_mikegasukisuki,0
0x03f5,bgm_m06_smw_mikessong,2.2
0x03f6,bgm_mg02_mgs_encounter,0
0x03f7,bgm_mg03_mg_themeoftara,1.2
0x03f8,bgm_mg04_mgs2_yelldeadcell,1.2
0x03f9,bgm_mg05_mgs3_snakeeater_instrumental,0.2
0x03fa,bgm_mg07_mgs_cavern,-0.4
0x03fb,bgm_mg08_mgs3_battleinthebase,0
0x03fd,bgm_mg11_callingtothenight,1.5
0x03fe,bgm_q06_bft_balloontrip,1.4
0x03ff,bgm_q13_wcr_powerup,-0.5
0x0400,bgm_q14_nmj_douchu,0.9
0x0401,bgm_r10_ngc_nigaoechannel,-5.5
0x0402,bgm_r13_onv_shaberuoryourinavi,0
0x0403,bgm_r17_hwi_ushidash,0.2
0x0404,bgm_r72_spc_wiishopingchannel,-4.2
0x0406,bgm_t13_mr_wakuseizebes,4
0x0407,bgm_t14_sfx64_sectorz,0.8
0x0409,bgm_t17_sb_howtoplay,3.5
0x040a,bgm_t18_sb_menu,4
0x040b,bgm_t19_sb_trainingmode,2
0x040d,bgm_t21_sb_characterselect,0.9
0x040e,bgm_t22_sb_metacristal,2.7
0x040f,bgm_t23_sb_bonusgame,1.4
0x0410,bgm_t24_sb_duelzone,2.7
0x0411,bgm_t25_sb_shuuten,2.4
0x0413,bgm_t27_sb_ending_staffroll,3.2
0x0414,bgm_u02_snc_scrapbrainzone,2.5
0x0415,bgm_u03_snc2_emeraldhillzone,2
0x0416,bgm_u06_snccd_sonicboom,3.7
0x0417,bgm_u07_sncr_supersonicracing,2.5
0x0418,bgm_w21_sbdx_senjyou,1.5
0x0419,bgm_w23_sbdx_hyakuninkumite,2.2
0x041a,bgm_w42_sbdx_rest,0
0x041b,bgm_w43_sbdx_opening,4.2
0x041c,bgm_w44_sbdx_targetwokowase,2.9
0x041d,bgm_w45_sbdx_tornament1,2
0x041e,bgm_w46_sbdx_tornament2,2
0x0420,bgm_w49_sbdx_opening,3.8
0x0422,bgm_y01_sbx_adv_map,-1
0x0424,bgm_x09_sbx_tornament_entry,1.5
0x0425,bgm_x10_sbx_tornament_table,1.5
0x0426,bgm_x11_sbx_tornament_finish,1.5
0x0428,bgm_x15_sbx_rest,-2.5
0x0429,bgm_x20_sealmeikan,0.5
0x042a,bgm_x21_coinshooter,-1
0x042b,bgm_x23_stageedit,-1
0x042c,bgm_x26_sbx_targetwokowase,1
0x042d,bgm_x27_sbx_staffroll,0.5
0x042e,bgm_y02_sbx_step_heichi,-1
0x0430,bgm_y04_sbx_step_akuukan,-1
0x0433,bgm_y15_sbx_step_akuukan_ver3,-1
0x0434,bgm_z28_f_ptrainer,8.9
0x0435,bgm_sp06a_sp_nowornever_short,4.4
0x0436,bgm_sp08a_sp_imanuraneba_short,4
0x0437,bgm_sp27a_sp2_nowornever_short,3.1
0x0438,bgm_sp28a_sp2_imanuraneba_short,3.9
0x0439,bgm_rr09_xbd2_sentou,-0.5
0x043a,bgm_rr10_xbd2_soredemomaeesusume,1.3
0x043b,bgm_rr11_xbd2_yukutewohabamumonotachi,1.8
0x043c,bgm_crs2_42_crazyhand,4.7
0x043d,bgm_crs2_43_masterhand_crazyhand,3.7
0x043f,bgm_crs2_45_adv_map_dark_subcommon,2.8
0x0440,bgm_crs2_46_adv_map_final_later,4.3
0x0441,bgm_crs2_00a_maintheme_jp,6.2
0x0442,bgm_crs2_00b_maintheme_en,6.2
0x0443,bgm_u20_smn_studiopolis_act1,2.7
0x0444,bgm_u21_sfo_fistbump,2.9
0x0445,bgm_u22_sfo_sunsetheight,2.9
0x0446,bgm_rr12_gm4_ringdongdang,2.3
0x0447,bgm_a02_smb_chika,1.5
0x0449,bgm_crs22_surechigaidairantou,2.1
0x044a,bgm_e02a_ild_athletic_spring_summer,2.9
0x044b,bgm_e02b_ild_athletic_autumn_winter,2.9
0x044c,bgm_h14_xy_miarecity,3.4
0x044f,bgm_a29a_ppm_medley_part1,3.5
0x0450,bgm_a29b_ppm_medley_part2,3.5
0x0451,bgm_a29c_ppm_medley_part3,3.5
0x0455,bgm_a27a_3dl_smb_theme_part1,2.6
0x0456,bgm_a27b_3dl_smb_theme_part2,2.6
0x0457,bgm_m09_miw_game_yokero,4
0x0458,bgm_m10_miw_game_fumareruna,4
0x0459,bgm_m11_miw_game_kawase,4
0x045a,bgm_m12_miw_game_nureruna,4
0x045b,bgm_m13_miw_game_tobe,4
0x045c,bgm_m15_miw_game_narase,4
0x045d,bgm_m16_miw_game_kudake,4
0x045e,bgm_m17_miw_game_ugokuna,4
0x045f,bgm_m18_miw_game_appeal,4
0x0460,bgm_f40_bdx_maintheme,2
0x0461,bgm_f41_sta_tomotokizunanotatakai2,2.9
0x0462,bgm_f42_kby_gb_medley,0.5
0x0463,bgm_crs2_47_maintheme_piano,2.9
0x0464,bgm_x01_sbx_maintheme,4.9
0x0465,bgm_crs2_48_adv_map_light_later,3.8
0x0466,bgm_sf37a_sf2_playerselect,2.5
0x0467,bgm_sf37b_sf2_playerselect,1.4
0x0468,bgm_mg14_msp_maintheme,3.3
0x0469,bgm_aa23_tnsac_mariotennistheme,3.4
0x046a,bgm_aa24_tnsac_stadiumtheme,2.9
0x046b,bgm_crs2_49_commonsilent_lp,-90
0x046c,bgm_mh02_mh4_eiyuunoakashi,3.5
0x046d,bgm_rr13_dhb_kaitakuchinotatakai,-1.6
0x046e,bgm_t25a_sb_shuuten_introcut,2.4
0x046f,bgm_a78_smo_jumpupsuperstar_full,3.3
0x0470,bgm_a80_smo_smbtheme_bandplay_full,2.5
0x0472,bgm_f14a_kby_gb_greengreens_scenelink,0.5
0x0473,bgm_z92_f_packun,8.9
0x0474,bgm_ps01_p3_mass_destruction,0.5
0x0475,bgm_ps02_p3_subetenohitono_tamashiinotatakai,1.3
0x0476,bgm_ps03_p4_reachout_to_thetruth,1.1
0x0477,bgm_ps04_p4_illface_myself,4.1
0x0478,bgm_ps05_p4_timeto_makehistory,1.5
0x0479,bgm_ps06_p5_wakeup_getup_getoutthere,0.5
0x047a,bgm_ps07_p5_lastsurprise,1.7
0x047b,bgm_ps08_p5_riversin_thedesert,1.9
0x047c,bgm_ps09_p5_ourbeginning,3.1
0x047d,bgm_ps10_p5_subetenohitono_tamashiinouta,4.8
0x047e,bgm_ps11_p5_beneath_themask,1.9
0x047f,bgm_z97a_f_jack_p5,3.1
0x0480,bgm_z97b_f_jack_p4,1.4
0x0481,bgm_z97c_f_jack_p3,2.2
0x0482,bgm_dq01_dq11_hirumanuyuuki,3.5
0x0483,bgm_dq02_dq11_yuushahayuku,1.8
0x0484,bgm_dq03_dq3_sentounotheme,2.9
0x0485,bgm_dq04_dq3_boukennotabi,2.4
0x0486,bgm_dq05_dq4_sentou,3.6
0x0487,bgm_dq06_dq4_bashanomarch,3.2
0x0488,bgm_dq07_dq8_otakebiwoagete,3.2
0x0489,bgm_dq08_dq8_daiheigennomarch,2.1
0x048b,bgm_z98_f_brave,9.5
0x048c,bgm_bk01_bk_kurukuruyamanofumoto,2
0x048d,bgm_z99_f_buddy,6.6
0x048e,bgm_gd01_gd2_kurikinton,1.9
0x048f,bgm_zz01_f_dolly,8.2
0x0490,bgm_bk02_bk_title,3.5
0x0491,bgm_bk03_bk_mumbomountain,3.1
0x0492,bgm_bk04_bk_otakarazakuzakubeach,2.9
0x0493,bgm_bk05_bk_frozunzunyama,2
0x0494,bgm_bk06_bk_gobivalleysabaku,3
0x0495,bgm_bk07_bk_madnightmansion,3.2
0x0496,bgm_bk08_bk2_vsklungo,3.5
0x0497,bgm_bk09_bk2_vsmrpatch,1
0x0498,bgm_bk10_bk2_vswoofakfakdaiou,3
0x0499,bgm_rr14_ut_megalovania,1.7
0x049a,bgm_crs2_08a_vs_victory_main,5.7
0x049b,bgm_gd02_gd2_kurikinton,4.2
0x049c,bgm_gd03_gd_halemakyocapoereha_tatakainouta,4.2
0x049d,bgm_gd04_gd_umihashitteiru,3.4
0x049e,bgm_gd05_gd2_pasta,3
0x049f,bgm_gd06_gd2_thainanbunitsutaetai_atarashiiuta,2.8
0x04a0,bgm_gd07_gd2_takuntokitap,4.1
0x04a1,bgm_gd08_gd2_seoulniikou,2.1
0x04a2,bgm_gd09_gd2_londonmarch,1.2
0x04a3,bgm_gd10_gd2_hatarakutougyushi,1.1
0x04a4,bgm_gd11_gdsp_duckdubdub,1.8
0x04a5,bgm_gd12_gdsp_geesenishouyu,2.5
0x04a6,bgm_gd13_gdsp_ryukonoken_ver230000000,2.3
0x04a7,bgm_gd14_gd3_bigshot,2.8
0x04a9,bgm_gd16_gdwa_11thstreet,3.8
0x04aa,bgm_gd17_kof94_ne,1.4
0x04ab,bgm_gd18_kof96_arashinosaxophone,3.6
0x04ad,bgm_gd20_kof99_ww3,2.5
0x04ae,bgm_gd21_kof99_176thstreet,4.4
0x04af,bgm_gd22_kof00_terry115,2.6
0x04b0,bgm_gd23_kofxi_streetdancer,4.4
0x04b1,bgm_gd24_kof02um_esaka,2.3
0x04b2,bgm_gd25_kof02um_desertrequiem,2
0x04b3,bgm_gd26_kof02um_kd0079plus,1.7
0x04b4,bgm_gd27_kof02um_undercover,3.7
0x04b5,bgm_gd28_kof02um_cuttingedge,2.2
0x04b6,bgm_gd29_kofxiii_thesecondjoker,3.2
0x04b7,bgm_gd30_kofxiii_esakacontinues,3
0x04b8,bgm_gd31_kofxiii_wildstreet,3.2
0x04b9,bgm_gd32_kofxiii_tameabadboy,3
0x04ba,bgm_gd33_kofxiii_kdd0063,2.8
0x04bb,bgm_gd34_kofxiv_yappariesaka,2.9
0x04bc,bgm_gd35_kofxiv_departure_from_southtown,2.6
0x04bd,bgm_gd36_kofiv_geesenishouyu_xivver,2.7
0x04be,bgm_gd37_kofxiv_ikari_xivver,2.6
0x04bf,bgm_gd38_kofxiv_neworder_xivver,4.3
0x04c0,bgm_gd39_aso_themeofsyd,3.2
0x04c1,bgm_gd40_atn_morinosekai,2.9
0x04c2,bgm_gd41_psy_psychosoldiertheme_jp,3.8
0x04c3,bgm_gd42_psy_psychosoldiertheme_en,3.8
0x04c4,bgm_gd43_ryk_artoffight,3.5
0x04c5,bgm_gd44_ssp_maguro,1.4
0x04c6,bgm_gd45_ssp_shizennoutage,4
0x04c7,bgm_gd46_ssp_daichi,3.8
0x04c8,bgm_gd47_kofxiv_kurikintonfu,2.3
0x04c9,bgm_gd48_mts1_maintheme,3.5
0x04ca,bgm_gd49_mts1_3_assaulttheme,3.8
0x04cb,bgm_gd50_mts2_judgment,1.4
0x04cc,bgm_gd51_mts3_soukainokiba,0.9
0x04cd,bgm_gd52_mts5_finalattack,2.5
0x04ce,bgm_j41a_fsg_maintheme_jp,3.8
0x04cf,bgm_j41b_fsg_maintheme_en,3.8
0x04d0,bgm_j42_fsg_fodlanogyoufu,2
0x04d1,bgm_rr15_chd_floralfury_rekkanogotoku,1.1
0x04d2,bgm_j43a_fsg_hraesvelgrnoshoujo_fuukasetsugetsu,1.9
0x04d3,bgm_j43b_fsg_theedgeofdawn_seasonsofwarfare,1.9
0x04d4,bgm_j44_fsg_tensakuryuusei,2.6
0x04d5,bgm_j45_fsg_yabounochihei,2.6
0x04d6,bgm_j46_fsg_jujishitachinosoukyuu,2.5
0x04d7,bgm_j47_fsg_tentochinokyoukai,2.3
0x04d8,bgm_j48_fsg_konosekainoitadakide,2.7
0x04d9,bgm_j49_fsg_majiwaranumichi,2.9
0x04da,bgm_zz02_f_master,8.5
0x04db,bgm_am01_am_armsgrandprixtheme,3.4
0x04dc,bgm_am02_am_ramenbowl_springstadium,2.7
0x04dd,bgm_am03_am_springstadium,2.5
0x04de,bgm_am04_am_ribbonring,2.5
0x04df,bgm_am05_am_ninjacollege,2.9
0x04e0,bgm_am06_am_mausoleum,2.7
0x04e1,bgm_am07_am_scrapyard,2.6
0x04e2,bgm_am08_am_cinemadeux,3
0x04e3,bgm_am09_am_busterbeach,2.7
0x04e4,bgm_am10_am_snakepark,2.6
0x04e5,bgm_am11_am_dnalab,2.5
0x04e6,bgm_am12_am_viadolce,2.6
0x04e7,bgm_am13_am_templegrounds,2.5
0x04e8,bgm_am14_am_sparringring,2.6
0x04e9,bgm_am15_am_nameredacted,2.4
0x04ea,bgm_am16_am_skyarena,2.8
0x04eb,bgm_am17_am_hedlok_battletheme,2.5
0x04ec,bgm_am18_am_hedlok_lastbattle,2.8
0x04ed,bgm_zz03_f_tantan,10.5
0x04f4,bgm_mc01_mc_glide,4.8
0x04f5,bgm_mc02_mc_toysonatear,4.5
0x04f6,bgm_mc03_mce_earth,3.9
0x04f7,bgm_mc04_mcd_halland_dalarna,2.6
0x04f8,bgm_mc05_mcd_thearchillager,6
0x04f9,bgm_zz04_f_pickel,7.5
0x04fa,bgm_mc06_mc_clockworkcrafter,4.6
0x04fb,bgm_mc07_mc_danceoftheblocks,3.9
0x04fc,bgm_ff03_ff7_opening_bakuhamission,4.3
0x04fd,bgm_ff04_ff7_maintheme,7.3
0x04fe,bgm_ff05_ff7_jenova,4.1
0x04ff,bgm_ff06_ff7_hoshifurukyokoku,5.1
0x0500,bgm_ff07_ff7_aerithnotheme,5.3
0x0501,bgm_ff08_ff7_katayokunotenshi,5.5
0x0502,bgm_ff09_ff7ac_tatakaumonotachi_ac,4.3
0x0503,bgm_ff10_ff7ac_saranitatakaumonotachi_ac,4.2
0x0504,bgm_ff11_ff7ac_sairin_katayokunotenshi,5.2
0x0505,bgm_zz05_f_edge,6.7
0x0506,bgm_zz05a_f_edge_challenge,6.7
0x0507,bgm_rr16_xbd2_arrangemedley,3.7
0x0508,bgm_rr17_xbd2_tigertiger,3.1
0x0509,bgm_rr18_xbd2_counterattack,4
0x050a,bgm_rr19_xbd2_avaritiashoukai,3.8
0x050b,bgm_rr20_xbd2_arashinosenjyou,4.2
0x050c,bgm_rr21_xbd2_exploration,3.7
0x050d,bgm_rr22_xbd2_majiwarutsurugi,3.7
0x050e,bgm_rr23_xbd2_incoming,4.6
0x050f,bgm_rr24_xbd2_gularyou,3.5
0x0511,bgm_rr26_xbd2_shitou_ira,3.8
0x0513,bgm_rr28_xbd2_saraninawokansurumonotachi,4
0x0514,bgm_rr29_xbd2_driver_vs,3.6
0x0516,bgm_rr31_xbd2_superbiateikoku,4
0x0517,bgm_rr32_xbd2_raigou_ultimate,4
0x0518,bgm_rr33_xbd2_marveni,4
0x0519,bgm_rr34_xbd2_sentou_ira,2.2
0x051a,bgm_zz06_f_element,8
0x051c,bgm_zz07_f_demon,-90
0x051d,bgm_tk01_tk1_marinestadium_japan,4.0
0x051e,bgm_tk02_tk1_chicago_usa,3.3
0x051f,bgm_tk03_tk1_kyoto_japan,3.9
0x0520,bgm_tk04_tk2_heihachi_mishima_thekingof_ironfist,3.5
0x0521,bgm_tk05_tk2_kazuya_mishima_devil_kazuya,5.4
0x0522,bgm_tk06_tk2_emotionless_passion,3.8
0x0523,bgm_tk07_tk3_attractembu_characterselect,4.4
0x0524,bgm_tk08_tk3_hwoarang,4.9
0x0525,bgm_tk09_tk3_jin_kazama,4.3
0x0526,bgm_tk10_tk3_heihachi_mishima,4.2
0x0527,bgm_tk11_tt1_opening_movie,3.9
0x0528,bgm_tk12_tt1_jin_stage,4.1
0x0529,bgm_tk13_tk4_kitsch,4.3
0x052a,bgm_tk14_tk4_bitcrusher,5.2
0x052b,bgm_tk15_tk5_redhotfist,4.3
0x052c,bgm_tk16_tk5_moonlit_wilderness,4.2
0x052d,bgm_tk17_tk5_poolside,3.8
0x052e,bgm_tk18_tk5dr_snowcastle,5.2
0x052f,bgm_tk19_tk5dr_into_nirvana,4.5
0x0530,bgm_tk20_tk5dr_resurrection,5.6
0x0531,bgm_tk21_tk6_ethno_evening,4.0
0x0532,bgm_tk22_tk6_yuki,4.1
0x0533,bgm_tk23_tk6_only_one_fight,3.4
0x0534,bgm_tk24_tk6_dist_thins_out,5.1
0x0535,bgm_tk25_tk6br_karma,4.4
0x0536,bgm_tk26_tk6br_arisa,4.7
0x0537,bgm_tk27_tk6br_yodeling_in_meadowhill,3.8
0x0538,bgm_tk28_tt2_abyss_of_time,3.5
0x0539,bgm_tk29_tt2_plucking_tulips,3.8
0x053a,bgm_tk30_tt2_landscape_under_the_ghost_kaminano,4.6
0x053b,bgm_tk31_tkrv_new_world_order,4.9
0x053c,bgm_tk32_tkrv_no_easy_way_out,4.5
0x053d,bgm_tk33_tk7_heat_haze_shadow,5.5
0x053e,bgm_tk34_tk7_dojo,5.5
0x053f,bgm_tk35_tk7_duomo_di_sirio,4.8
0x0540,bgm_tk36_tk7_moonsiders,4.4
0x0541,bgm_tk37_tk7_desperate_struggle,5.7
0x0542,bgm_tk38_tk7_aloneness,4.1
0x0543,bgm_tk39_tk2_kazuya_mishima_devil_kazuya,3.9
0x0544,bgm_rr35_shgh_burningtown,4.2
0x0545,bgm_kh01_kh15_nightoffate,4.9
0x0546,bgm_kh02_kh15_destinysforce,4.7
0x0547,bgm_kh03_kh15_shroudingdarkcloud,4.6
0x0548,bgm_kh04_kh15_handinhand,5.3
0x0549,bgm_kh05_kh15_blastaway_gummiship2,3.8
0x054a,bgm_kh06_kh15_hollowbastion,4.5
0x054b,bgm_kh07_kh15_scherzodinotte,4.5
0x054c,bgm_kh08_kh25_fragmentsofsorrow,5.9
0x054d,bgm_kh09_kh1_destati,5.3
0x054e,bgm_khmm_dearlybeloved,4.5
0x054f,bgm_zz08_f_trail,9.7